{"cameraMode":{"drawMode":0,"name":"Shaded","section":"Shading Mode"},"sceneLighting":true,"audioPlay":false,"sceneViewState":{"showFog":false,"showMaterialUpdate":false,"showSkybox":false,"showFlares":false,"showImageEffects":false,"showParticleSystems":false},"in2DMode":false,"pivot":{"x":-24.963050842285158,"y":-2.5523111820220949,"z":-7.885543346405029},"rotation":{"x":-0.09121929854154587,"y":0.75979083776474,"z":-0.10924992710351944,"w":-0.6343984603881836},"size":38.176937103271487,"orthographic":false}